Source (Year),Target (Year),Value
低碳化智能配电网 (2021),碳达峰 (2022),1
低碳化智能配电网 (2021),碳中和 (2022),1
低碳化智能配电网 (2021),电力行业 (2022),1
低碳化智能配电网 (2021),可再生能源 (2022),1
低碳化智能配电网 (2021),风电 (2022),0
低碳化智能配电网 (2021),太阳能发电 (2022),0
低碳化智能配电网 (2021),碳排放 (2022),1
低碳化智能配电网 (2021),能源转型 (2022),0
低碳化智能配电网 (2021),电力需求预测 (2022),1
低碳化智能配电网 (2021),电源结构调整 (2022),1
低碳化智能配电网 (2021),节能降耗 (2022),0
低碳化智能配电网 (2021),热电联产 (2022),0
低碳化智能配电网 (2021),新型电力系统 (2022),1
低碳化智能配电网 (2021),碳捕集利用与封存 (2022),1
低碳化智能配电网 (2021),非化石能源 (2022),0
低碳化智能配电网 (2021),电力系统智能化 (2022),1
低碳化智能配电网 (2021),电力体制改革 (2022),1
低碳化智能配电网 (2021),绿色生产生活方式 (2022),1
低碳化智能配电网 (2021),电力行业碳排放控制路径 (2022),1
低碳化智能配电网 (2021),能源互联网 (2022),0
碳中和 (2021),碳达峰 (2022),1
碳中和 (2021),碳中和 (2022),2
碳中和 (2021),电力行业 (2022),0
碳中和 (2021),可再生能源 (2022),0
碳中和 (2021),风电 (2022),0
碳中和 (2021),太阳能发电 (2022),0
碳中和 (2021),碳排放 (2022),1
碳中和 (2021),能源转型 (2022),0
碳中和 (2021),电力需求预测 (2022),0
碳中和 (2021),电源结构调整 (2022),0
碳中和 (2021),节能降耗 (2022),0
碳中和 (2021),热电联产 (2022),0
碳中和 (2021),新型电力系统 (2022),0
碳中和 (2021),碳捕集利用与封存 (2022),1
碳中和 (2021),非化石能源 (2022),0
碳中和 (2021),电力系统智能化 (2022),0
碳中和 (2021),电力体制改革 (2022),0
碳中和 (2021),绿色生产生活方式 (2022),0
碳中和 (2021),电力行业碳排放控制路径 (2022),1
碳中和 (2021),能源互联网 (2022),0
碳排放约束 (2021),碳达峰 (2022),1
碳排放约束 (2021),碳中和 (2022),1
碳排放约束 (2021),电力行业 (2022),0
碳排放约束 (2021),可再生能源 (2022),0
碳排放约束 (2021),风电 (2022),0
碳排放约束 (2021),太阳能发电 (2022),0
碳排放约束 (2021),碳排放 (2022),1
碳排放约束 (2021),能源转型 (2022),0
碳排放约束 (2021),电力需求预测 (2022),0
碳排放约束 (2021),电源结构调整 (2022),0
碳排放约束 (2021),节能降耗 (2022),0
碳排放约束 (2021),热电联产 (2022),0
碳排放约束 (2021),新型电力系统 (2022),0
碳排放约束 (2021),碳捕集利用与封存 (2022),1
碳排放约束 (2021),非化石能源 (2022),0
碳排放约束 (2021),电力系统智能化 (2022),0
碳排放约束 (2021),电力体制改革 (2022),0
碳排放约束 (2021),绿色生产生活方式 (2022),0
碳排放约束 (2021),电力行业碳排放控制路径 (2022),1
碳排放约束 (2021),能源互联网 (2022),0
智能电网 (2021),碳达峰 (2022),0
智能电网 (2021),碳中和 (2022),0
智能电网 (2021),电力行业 (2022),1
智能电网 (2021),可再生能源 (2022),0
智能电网 (2021),风电 (2022),0
智能电网 (2021),太阳能发电 (2022),0
智能电网 (2021),碳排放 (2022),0
智能电网 (2021),能源转型 (2022),0
智能电网 (2021),电力需求预测 (2022),1
智能电网 (2021),电源结构调整 (2022),1
智能电网 (2021),节能降耗 (2022),0
智能电网 (2021),热电联产 (2022),0
智能电网 (2021),新型电力系统 (2022),1
智能电网 (2021),碳捕集利用与封存 (2022),0
智能电网 (2021),非化石能源 (2022),0
智能电网 (2021),电力系统智能化 (2022),1
智能电网 (2021),电力体制改革 (2022),1
智能电网 (2021),绿色生产生活方式 (2022),0
智能电网 (2021),电力行业碳排放控制路径 (2022),1
智能电网 (2021),能源互联网 (2022),0
能源转型 (2021),碳达峰 (2022),0
能源转型 (2021),碳中和 (2022),0
能源转型 (2021),电力行业 (2022),0
能源转型 (2021),可再生能源 (2022),1
能源转型 (2021),风电 (2022),0
能源转型 (2021),太阳能发电 (2022),0
能源转型 (2021),碳排放 (2022),0
能源转型 (2021),能源转型 (2022),2
能源转型 (2021),电力需求预测 (2022),0
能源转型 (2021),电源结构调整 (2022),0
能源转型 (2021),节能降耗 (2022),0
能源转型 (2021),热电联产 (2022),0
能源转型 (2021),新型电力系统 (2022),0
能源转型 (2021),碳捕集利用与封存 (2022),0
能源转型 (2021),非化石能源 (2022),1
能源转型 (2021),电力系统智能化 (2022),0
能源转型 (2021),电力体制改革 (2022),0
能源转型 (2021),绿色生产生活方式 (2022),0
能源转型 (2021),电力行业碳排放控制路径 (2022),0
能源转型 (2021),能源互联网 (2022),1
清洁能源 (2021),碳达峰 (2022),0
清洁能源 (2021),碳中和 (2022),0
清洁能源 (2021),电力行业 (2022),0
清洁能源 (2021),可再生能源 (2022),1
清洁能源 (2021),风电 (2022),0
清洁能源 (2021),太阳能发电 (2022),0
清洁能源 (2021),碳排放 (2022),0
清洁能源 (2021),能源转型 (2022),1
清洁能源 (2021),电力需求预测 (2022),0
清洁能源 (2021),电源结构调整 (2022),0
清洁能源 (2021),节能降耗 (2022),0
清洁能源 (2021),热电联产 (2022),0
清洁能源 (2021),新型电力系统 (2022),0
清洁能源 (2021),碳捕集利用与封存 (2022),0
清洁能源 (2021),非化石能源 (2022),1
清洁能源 (2021),电力系统智能化 (2022),0
清洁能源 (2021),电力体制改革 (2022),0
清洁能源 (2021),绿色生产生活方式 (2022),1
清洁能源 (2021),电力行业碳排放控制路径 (2022),0
清洁能源 (2021),能源互联网 (2022),1
分布式电源 (2021),碳达峰 (2022),0
分布式电源 (2021),碳中和 (2022),0
分布式电源 (2021),电力行业 (2022),1
分布式电源 (2021),可再生能源 (2022),0
分布式电源 (2021),风电 (2022),0
分布式电源 (2021),太阳能发电 (2022),0
分布式电源 (2021),碳排放 (2022),0
分布式电源 (2021),能源转型 (2022),0
分布式电源 (2021),电力需求预测 (2022),1
分布式电源 (2021),电源结构调整 (2022),1
分布式电源 (2021),节能降耗 (2022),0
分布式电源 (2021),热电联产 (2022),0
分布式电源 (2021),新型电力系统 (2022),1
分布式电源 (2021),碳捕集利用与封存 (2022),0
分布式电源 (2021),非化石能源 (2022),0
分布式电源 (2021),电力系统智能化 (2022),1
分布式电源 (2021),电力体制改革 (2022),1
分布式电源 (2021),绿色生产生活方式 (2022),0
分布式电源 (2021),电力行业碳排放控制路径 (2022),1
分布式电源 (2021),能源互联网 (2022),0
电力系统 (2021),碳达峰 (2022),0
电力系统 (2021),碳中和 (2022),0
电力系统 (2021),电力行业 (2022),1
电力系统 (2021),可再生能源 (2022),0
电力系统 (2021),风电 (2022),0
电力系统 (2021),太阳能发电 (2022),0
电力系统 (2021),碳排放 (2022),0
电力系统 (2021),能源转型 (2022),0
电力系统 (2021),电力需求预测 (2022),1
电力系统 (2021),电源结构调整 (2022),1
电力系统 (2021),节能降耗 (2022),0
电力系统 (2021),热电联产 (2022),0
电力系统 (2021),新型电力系统 (2022),1
电力系统 (2021),碳捕集利用与封存 (2022),0
电力系统 (2021),非化石能源 (2022),0
电力系统 (2021),电力系统智能化 (2022),1
电力系统 (2021),电力体制改革 (2022),1
电力系统 (2021),绿色生产生活方式 (2022),0
电力系统 (2021),电力行业碳排放控制路径 (2022),1
电力系统 (2021),能源互联网 (2022),0
碳捕集利用和封存 (2021),碳达峰 (2022),1
碳捕集利用和封存 (2021),碳中和 (2022),1
碳捕集利用和封存 (2021),电力行业 (2022),0
碳捕集利用和封存 (2021),可再生能源 (2022),0
碳捕集利用和封存 (2021),风电 (2022),0
碳捕集利用和封存 (2021),太阳能发电 (2022),0
碳捕集利用和封存 (2021),碳排放 (2022),1
碳捕集利用和封存 (2021),能源转型 (2022),0
碳捕集利用和封存 (2021),电力需求预测 (2022),0
碳捕集利用和封存 (2021),电源结构调整 (2022),0
碳捕集利用和封存 (2021),节能降耗 (2022),0
碳捕集利用和封存 (2021),热电联产 (2022),0
碳捕集利用和封存 (2021),新型电力系统 (2022),0
碳捕集利用和封存 (2021),碳捕集利用与封存 (2022),1
碳捕集利用和封存 (2021),非化石能源 (2022),0
碳捕集利用和封存 (2021),电力系统智能化 (2022),0
碳捕集利用和封存 (2021),电力体制改革 (2022),0
碳捕集利用和封存 (2021),绿色生产生活方式 (2022),0
碳捕集利用和封存 (2021),电力行业碳排放控制路径 (2022),1
碳捕集利用和封存 (2021),能源互联网 (2022),0
电能替代 (2021),碳达峰 (2022),0
电能替代 (2021),碳中和 (2022),0
电能替代 (2021),电力行业 (2022),0
电能替代 (2021),可再生能源 (2022),0
电能替代 (2021),风电 (2022),0
电能替代 (2021),太阳能发电 (2022),0
电能替代 (2021),碳排放 (2022),0
电能替代 (2021),能源转型 (2022),0
电能替代 (2021),电力需求预测 (2022),0
电能替代 (2021),电源结构调整 (2022),0
电能替代 (2021),节能降耗 (2022),0
电能替代 (2021),热电联产 (2022),0
电能替代 (2021),新型电力系统 (2022),0
电能替代 (2021),碳捕集利用与封存 (2022),0
电能替代 (2021),非化石能源 (2022),0
电能替代 (2021),电力系统智能化 (2022),0
电能替代 (2021),电力体制改革 (2022),0
电能替代 (2021),绿色生产生活方式 (2022),0
电能替代 (2021),电力行业碳排放控制路径 (2022),0
电能替代 (2021),能源互联网 (2022),0
碳交易市场 (2021),碳达峰 (2022),1
碳交易市场 (2021),碳中和 (2022),1
碳交易市场 (2021),电力行业 (2022),0
碳交易市场 (2021),可再生能源 (2022),0
碳交易市场 (2021),风电 (2022),0
碳交易市场 (2021),太阳能发电 (2022),0
碳交易市场 (2021),碳排放 (2022),1
碳交易市场 (2021),能源转型 (2022),0
碳交易市场 (2021),电力需求预测 (2022),0
碳交易市场 (2021),电源结构调整 (2022),0
碳交易市场 (2021),节能降耗 (2022),0
碳交易市场 (2021),热电联产 (2022),0
碳交易市场 (2021),新型电力系统 (2022),0
碳交易市场 (2021),碳捕集利用与封存 (2022),1
碳交易市场 (2021),非化石能源 (2022),0
碳交易市场 (2021),电力系统智能化 (2022),0
碳交易市场 (2021),电力体制改革 (2022),0
碳交易市场 (2021),绿色生产生活方式 (2022),0
碳交易市场 (2021),电力行业碳排放控制路径 (2022),1
碳交易市场 (2021),能源互联网 (2022),0
绿色建筑 (2021),碳达峰 (2022),0
绿色建筑 (2021),碳中和 (2022),0
绿色建筑 (2021),电力行业 (2022),0
绿色建筑 (2021),可再生能源 (2022),1
绿色建筑 (2021),风电 (2022),0
绿色建筑 (2021),太阳能发电 (2022),0
绿色建筑 (2021),碳排放 (2022),0
绿色建筑 (2021),能源转型 (2022),0
绿色建筑 (2021),电力需求预测 (2022),0
绿色建筑 (2021),电源结构调整 (2022),0
绿色建筑 (2021),节能降耗 (2022),0
绿色建筑 (2021),热电联产 (2022),0
绿色建筑 (2021),新型电力系统 (2022),0
绿色建筑 (2021),碳捕集利用与封存 (2022),0
绿色建筑 (2021),非化石能源 (2022),0
绿色建筑 (2021),电力系统智能化 (2022),0
绿色建筑 (2021),电力体制改革 (2022),0
绿色建筑 (2021),绿色生产生活方式 (2022),1
绿色建筑 (2021),电力行业碳排放控制路径 (2022),0
绿色建筑 (2021),能源互联网 (2022),0
电动汽车充电网络 (2021),碳达峰 (2022),0
电动汽车充电网络 (2021),碳中和 (2022),0
电动汽车充电网络 (2021),电力行业 (2022),1
电动汽车充电网络 (2021),可再生能源 (2022),0
电动汽车充电网络 (2021),风电 (2022),0
电动汽车充电网络 (2021),太阳能发电 (2022),0
电动汽车充电网络 (2021),碳排放 (2022),0
电动汽车充电网络 (2021),能源转型 (2022),0
电动汽车充电网络 (2021),电力需求预测 (2022),1
电动汽车充电网络 (2021),电源结构调整 (2022),1
电动汽车充电网络 (2021),节能降耗 (2022),0
电动汽车充电网络 (2021),热电联产 (2022),0
电动汽车充电网络 (2021),新型电力系统 (2022),1
电动汽车充电网络 (2021),碳捕集利用与封存 (2022),0
电动汽车充电网络 (2021),非化石能源 (2022),0
电动汽车充电网络 (2021),电力系统智能化 (2022),1
电动汽车充电网络 (2021),电力体制改革 (2022),1
电动汽车充电网络 (2021),绿色生产生活方式 (2022),0
电动汽车充电网络 (2021),电力行业碳排放控制路径 (2022),1
电动汽车充电网络 (2021),能源互联网 (2022),0
多能互补 (2021),碳达峰 (2022),0
多能互补 (2021),碳中和 (2022),0
多能互补 (2021),电力行业 (2022),0
多能互补 (2021),可再生能源 (2022),0
多能互补 (2021),风电 (2022),0
多能互补 (2021),太阳能发电 (2022),0
多能互补 (2021),碳排放 (2022),0
多能互补 (2021),能源转型 (2022),0
多能互补 (2021),电力需求预测 (2022),0
多能互补 (2021),电源结构调整 (2022),0
多能互补 (2021),节能降耗 (2022),0
多能互补 (2021),热电联产 (2022),0
多能互补 (2021),新型电力系统 (2022),0
多能互补 (2021),碳捕集利用与封存 (2022),0
多能互补 (2021),非化石能源 (2022),0
多能互补 (2021),电力系统智能化 (2022),0
多能互补 (2021),电力体制改革 (2022),0
多能互补 (2021),绿色生产生活方式 (2022),0
多能互补 (2021),电力行业碳排放控制路径 (2022),0
多能互补 (2021),能源互联网 (2022),0
能源互联网 (2021),碳达峰 (2022),0
能源互联网 (2021),碳中和 (2022),0
能源互联网 (2021),电力行业 (2022),0
能源互联网 (2021),可再生能源 (2022),1
能源互联网 (2021),风电 (2022),0
能源互联网 (2021),太阳能发电 (2022),0
能源互联网 (2021),碳排放 (2022),0
能源互联网 (2021),能源转型 (2022),1
能源互联网 (2021),电力需求预测 (2022),0
能源互联网 (2021),电源结构调整 (2022),0
能源互联网 (2021),节能降耗 (2022),0
能源互联网 (2021),热电联产 (2022),0
能源互联网 (2021),新型电力系统 (2022),0
能源互联网 (2021),碳捕集利用与封存 (2022),0
能源互联网 (2021),非化石能源 (2022),1
能源互联网 (2021),电力系统智能化 (2022),0
能源互联网 (2021),电力体制改革 (2022),0
能源互联网 (2021),绿色生产生活方式 (2022),0
能源互联网 (2021),电力行业碳排放控制路径 (2022),0
能源互联网 (2021),能源互联网 (2022),2
电力市场建设 (2021),碳达峰 (2022),0
电力市场建设 (2021),碳中和 (2022),0
电力市场建设 (2021),电力行业 (2022),1
电力市场建设 (2021),可再生能源 (2022),0
电力市场建设 (2021),风电 (2022),0
电力市场建设 (2021),太阳能发电 (2022),0
电力市场建设 (2021),碳排放 (2022),0
电力市场建设 (2021),能源转型 (2022),0
电力市场建设 (2021),电力需求预测 (2022),1
电力市场建设 (2021),电源结构调整 (2022),1
电力市场建设 (2021),节能降耗 (2022),0
电力市场建设 (2021),热电联产 (2022),0
电力市场建设 (2021),新型电力系统 (2022),1
电力市场建设 (2021),碳捕集利用与封存 (2022),0
电力市场建设 (2021),非化石能源 (2022),0
电力市场建设 (2021),电力系统智能化 (2022),1
电力市场建设 (2021),电力体制改革 (2022),1
电力市场建设 (2021),绿色生产生活方式 (2022),0
电力市场建设 (2021),电力行业碳排放控制路径 (2022),1
电力市场建设 (2021),能源互联网 (2022),0
抽水蓄能电站 (2021),碳达峰 (2022),0
抽水蓄能电站 (2021),碳中和 (2022),0
抽水蓄能电站 (2021),电力行业 (2022),0
抽水蓄能电站 (2021),可再生能源 (2022),0
抽水蓄能电站 (2021),风电 (2022),0
抽水蓄能电站 (2021),太阳能发电 (2022),0
抽水蓄能电站 (2021),碳排放 (2022),0
抽水蓄能电站 (2021),能源转型 (2022),0
抽水蓄能电站 (2021),电力需求预测 (2022),0
抽水蓄能电站 (2021),电源结构调整 (2022),0
抽水蓄能电站 (2021),节能降耗 (2022),0
抽水蓄能电站 (2021),热电联产 (2022),0
抽水蓄能电站 (2021),新型电力系统 (2022),0
抽水蓄能电站 (2021),碳捕集利用与封存 (2022),0
抽水蓄能电站 (2021),非化石能源 (2022),0
抽水蓄能电站 (2021),电力系统智能化 (2022),0
抽水蓄能电站 (2021),电力体制改革 (2022),0
抽水蓄能电站 (2021),绿色生产生活方式 (2022),0
抽水蓄能电站 (2021),电力行业碳排放控制路径 (2022),0
抽水蓄能电站 (2021),能源互联网 (2022),0
氢能 (2021),碳达峰 (2022),0
氢能 (2021),碳中和 (2022),0
氢能 (2021),电力行业 (2022),0
氢能 (2021),可再生能源 (2022),1
氢能 (2021),风电 (2022),0
氢能 (2021),太阳能发电 (2022),0
氢能 (2021),碳排放 (2022),0
氢能 (2021),能源转型 (2022),1
氢能 (2021),电力需求预测 (2022),0
氢能 (2021),电源结构调整 (2022),0
氢能 (2021),节能降耗 (2022),0
氢能 (2021),热电联产 (2022),0
氢能 (2021),新型电力系统 (2022),0
氢能 (2021),碳捕集利用与封存 (2022),0
氢能 (2021),非化石能源 (2022),1
氢能 (2021),电力系统智能化 (2022),0
氢能 (2021),电力体制改革 (2022),0
氢能 (2021),绿色生产生活方式 (2022),0
氢能 (2021),电力行业碳排放控制路径 (2022),0
氢能 (2021),能源互联网 (2022),1
综合能源服务 (2021),碳达峰 (2022),0
综合能源服务 (2021),碳中和 (2022),0
综合能源服务 (2021),电力行业 (2022),0
综合能源服务 (2021),可再生能源 (2022),1
综合能源服务 (2021),风电 (2022),0
综合能源服务 (2021),太阳能发电 (2022),0
综合能源服务 (2021),碳排放 (2022),0
综合能源服务 (2021),能源转型 (2022),1
综合能源服务 (2021),电力需求预测 (2022),0
综合能源服务 (2021),电源结构调整 (2022),0
综合能源服务 (2021),节能降耗 (2022),0
综合能源服务 (2021),热电联产 (2022),0
综合能源服务 (2021),新型电力系统 (2022),0
综合能源服务 (2021),碳捕集利用与封存 (2022),0
综合能源服务 (2021),非化石能源 (2022),1
综合能源服务 (2021),电力系统智能化 (2022),0
综合能源服务 (2021),电力体制改革 (2022),0
综合能源服务 (2021),绿色生产生活方式 (2022),0
综合能源服务 (2021),电力行业碳排放控制路径 (2022),0
综合能源服务 (2021),能源互联网 (2022),1
数字化电网 (2021),碳达峰 (2022),0
数字化电网 (2021),碳中和 (2022),0
数字化电网 (2021),电力行业 (2022),1
数字化电网 (2021),可再生能源 (2022),0
数字化电网 (2021),风电 (2022),0
数字化电网 (2021),太阳能发电 (2022),0
数字化电网 (2021),碳排放 (2022),0
数字化电网 (2021),能源转型 (2022),0
数字化电网 (2021),电力需求预测 (2022),1
数字化电网 (2021),电源结构调整 (2022),1
数字化电网 (2021),节能降耗 (2022),0
数字化电网 (2021),热电联产 (2022),0
数字化电网 (2021),新型电力系统 (2022),1
数字化电网 (2021),碳捕集利用与封存 (2022),0
数字化电网 (2021),非化石能源 (2022),0
数字化电网 (2021),电力系统智能化 (2022),1
数字化电网 (2021),电力体制改革 (2022),1
数字化电网 (2021),绿色生产生活方式 (2022),0
数字化电网 (2021),电力行业碳排放控制路径 (2022),1
数字化电网 (2021),能源互联网 (2022),0
碳达峰 (2022),新型电力系统 (2023),0
碳达峰 (2022),电制氢技术 (2023),0
碳达峰 (2022),碳中和 (2023),1
碳达峰 (2022),氢能 (2023),0
碳达峰 (2022),能源转型 (2023),0
碳达峰 (2022),电力系统规划 (2023),0
碳达峰 (2022),可再生能源 (2023),0
碳达峰 (2022),电力市场 (2023),0
碳达峰 (2022),储能技术 (2023),0
碳达峰 (2022),碳达峰 (2023),2
碳达峰 (2022),氢燃料电池 (2023),0
碳达峰 (2022),电力智能化 (2023),0
碳达峰 (2022),能源互联网 (2023),0
碳达峰 (2022),电力系统运行 (2023),0
碳达峰 (2022),电力系统控制 (2023),0
碳达峰 (2022),绿色低碳 (2023),1
碳达峰 (2022),电力系统优化 (2023),0
碳达峰 (2022),稳定性 (2023),0
碳达峰 (2022),电力系统数字化 (2023),0
碳达峰 (2022),电力系统智能化 (2023),0
碳中和 (2022),新型电力系统 (2023),0
碳中和 (2022),电制氢技术 (2023),0
碳中和 (2022),碳中和 (2023),2
碳中和 (2022),氢能 (2023),0
碳中和 (2022),能源转型 (2023),0
碳中和 (2022),电力系统规划 (2023),0
碳中和 (2022),可再生能源 (2023),0
碳中和 (2022),电力市场 (2023),0
碳中和 (2022),储能技术 (2023),0
碳中和 (2022),碳达峰 (2023),1
碳中和 (2022),氢燃料电池 (2023),0
碳中和 (2022),电力智能化 (2023),0
碳中和 (2022),能源互联网 (2023),0
碳中和 (2022),电力系统运行 (2023),0
碳中和 (2022),电力系统控制 (2023),0
碳中和 (2022),绿色低碳 (2023),1
碳中和 (2022),电力系统优化 (2023),0
碳中和 (2022),稳定性 (2023),0
碳中和 (2022),电力系统数字化 (2023),0
碳中和 (2022),电力系统智能化 (2023),0
电力行业 (2022),新型电力系统 (2023),1
电力行业 (2022),电制氢技术 (2023),0
电力行业 (2022),碳中和 (2023),0
电力行业 (2022),氢能 (2023),0
电力行业 (2022),能源转型 (2023),0
电力行业 (2022),电力系统规划 (2023),1
电力行业 (2022),可再生能源 (2023),0
电力行业 (2022),电力市场 (2023),1
电力行业 (2022),储能技术 (2023),0
电力行业 (2022),碳达峰 (2023),0
电力行业 (2022),氢燃料电池 (2023),0
电力行业 (2022),电力智能化 (2023),1
电力行业 (2022),能源互联网 (2023),0
电力行业 (2022),电力系统运行 (2023),1
电力行业 (2022),电力系统控制 (2023),1
电力行业 (2022),绿色低碳 (2023),0
电力行业 (2022),电力系统优化 (2023),1
电力行业 (2022),稳定性 (2023),0
电力行业 (2022),电力系统数字化 (2023),1
电力行业 (2022),电力系统智能化 (2023),1
可再生能源 (2022),新型电力系统 (2023),0
可再生能源 (2022),电制氢技术 (2023),0
可再生能源 (2022),碳中和 (2023),0
可再生能源 (2022),氢能 (2023),1
可再生能源 (2022),能源转型 (2023),1
可再生能源 (2022),电力系统规划 (2023),0
可再生能源 (2022),可再生能源 (2023),2
可再生能源 (2022),电力市场 (2023),0
可再生能源 (2022),储能技术 (2023),1
可再生能源 (2022),碳达峰 (2023),0
可再生能源 (2022),氢燃料电池 (2023),1
可再生能源 (2022),电力智能化 (2023),0
可再生能源 (2022),能源互联网 (2023),1
可再生能源 (2022),电力系统运行 (2023),0
可再生能源 (2022),电力系统控制 (2023),0
可再生能源 (2022),绿色低碳 (2023),1
可再生能源 (2022),电力系统优化 (2023),0
可再生能源 (2022),稳定性 (2023),0
可再生能源 (2022),电力系统数字化 (2023),0
可再生能源 (2022),电力系统智能化 (2023),0
风电 (2022),新型电力系统 (2023),0
风电 (2022),电制氢技术 (2023),0
风电 (2022),碳中和 (2023),0
风电 (2022),氢能 (2023),0
风电 (2022),能源转型 (2023),0
风电 (2022),电力系统规划 (2023),0
风电 (2022),可再生能源 (2023),0
风电 (2022),电力市场 (2023),0
风电 (2022),储能技术 (2023),0
风电 (2022),碳达峰 (2023),0
风电 (2022),氢燃料电池 (2023),0
风电 (2022),电力智能化 (2023),0
风电 (2022),能源互联网 (2023),0
风电 (2022),电力系统运行 (2023),0
风电 (2022),电力系统控制 (2023),0
风电 (2022),绿色低碳 (2023),0
风电 (2022),电力系统优化 (2023),0
风电 (2022),稳定性 (2023),0
风电 (2022),电力系统数字化 (2023),0
风电 (2022),电力系统智能化 (2023),0
太阳能发电 (2022),新型电力系统 (2023),0
太阳能发电 (2022),电制氢技术 (2023),0
太阳能发电 (2022),碳中和 (2023),0
太阳能发电 (2022),氢能 (2023),0
太阳能发电 (2022),能源转型 (2023),0
太阳能发电 (2022),电力系统规划 (2023),0
太阳能发电 (2022),可再生能源 (2023),0
太阳能发电 (2022),电力市场 (2023),0
太阳能发电 (2022),储能技术 (2023),0
太阳能发电 (2022),碳达峰 (2023),0
太阳能发电 (2022),氢燃料电池 (2023),0
太阳能发电 (2022),电力智能化 (2023),0
太阳能发电 (2022),能源互联网 (2023),0
太阳能发电 (2022),电力系统运行 (2023),0
太阳能发电 (2022),电力系统控制 (2023),0
太阳能发电 (2022),绿色低碳 (2023),0
太阳能发电 (2022),电力系统优化 (2023),0
太阳能发电 (2022),稳定性 (2023),0
太阳能发电 (2022),电力系统数字化 (2023),0
太阳能发电 (2022),电力系统智能化 (2023),0
碳排放 (2022),新型电力系统 (2023),0
碳排放 (2022),电制氢技术 (2023),0
碳排放 (2022),碳中和 (2023),1
碳排放 (2022),氢能 (2023),0
碳排放 (2022),能源转型 (2023),0
碳排放 (2022),电力系统规划 (2023),0
碳排放 (2022),可再生能源 (2023),0
碳排放 (2022),电力市场 (2023),0
碳排放 (2022),储能技术 (2023),0
碳排放 (2022),碳达峰 (2023),1
碳排放 (2022),氢燃料电池 (2023),0
碳排放 (2022),电力智能化 (2023),0
碳排放 (2022),能源互联网 (2023),0
碳排放 (2022),电力系统运行 (2023),0
碳排放 (2022),电力系统控制 (2023),0
碳排放 (2022),绿色低碳 (2023),1
碳排放 (2022),电力系统优化 (2023),0
碳排放 (2022),稳定性 (2023),0
碳排放 (2022),电力系统数字化 (2023),0
碳排放 (2022),电力系统智能化 (2023),0
能源转型 (2022),新型电力系统 (2023),0
能源转型 (2022),电制氢技术 (2023),0
能源转型 (2022),碳中和 (2023),0
能源转型 (2022),氢能 (2023),1
能源转型 (2022),能源转型 (2023),2
能源转型 (2022),电力系统规划 (2023),0
能源转型 (2022),可再生能源 (2023),1
能源转型 (2022),电力市场 (2023),0
能源转型 (2022),储能技术 (2023),1
能源转型 (2022),碳达峰 (2023),0
能源转型 (2022),氢燃料电池 (2023),1
能源转型 (2022),电力智能化 (2023),0
能源转型 (2022),能源互联网 (2023),1
能源转型 (2022),电力系统运行 (2023),0
能源转型 (2022),电力系统控制 (2023),0
能源转型 (2022),绿色低碳 (2023),0
能源转型 (2022),电力系统优化 (2023),0
能源转型 (2022),稳定性 (2023),0
能源转型 (2022),电力系统数字化 (2023),0
能源转型 (2022),电力系统智能化 (2023),0
电力需求预测 (2022),新型电力系统 (2023),1
电力需求预测 (2022),电制氢技术 (2023),0
电力需求预测 (2022),碳中和 (2023),0
电力需求预测 (2022),氢能 (2023),0
电力需求预测 (2022),能源转型 (2023),0
电力需求预测 (2022),电力系统规划 (2023),1
电力需求预测 (2022),可再生能源 (2023),0
电力需求预测 (2022),电力市场 (2023),1
电力需求预测 (2022),储能技术 (2023),0
电力需求预测 (2022),碳达峰 (2023),0
电力需求预测 (2022),氢燃料电池 (2023),0
电力需求预测 (2022),电力智能化 (2023),1
电力需求预测 (2022),能源互联网 (2023),0
电力需求预测 (2022),电力系统运行 (2023),1
电力需求预测 (2022),电力系统控制 (2023),1
电力需求预测 (2022),绿色低碳 (2023),0
电力需求预测 (2022),电力系统优化 (2023),1
电力需求预测 (2022),稳定性 (2023),0
电力需求预测 (2022),电力系统数字化 (2023),1
电力需求预测 (2022),电力系统智能化 (2023),1
电源结构调整 (2022),新型电力系统 (2023),1
电源结构调整 (2022),电制氢技术 (2023),0
电源结构调整 (2022),碳中和 (2023),0
电源结构调整 (2022),氢能 (2023),0
电源结构调整 (2022),能源转型 (2023),0
电源结构调整 (2022),电力系统规划 (2023),1
电源结构调整 (2022),可再生能源 (2023),0
电源结构调整 (2022),电力市场 (2023),1
电源结构调整 (2022),储能技术 (2023),0
电源结构调整 (2022),碳达峰 (2023),0
电源结构调整 (2022),氢燃料电池 (2023),0
电源结构调整 (2022),电力智能化 (2023),1
电源结构调整 (2022),能源互联网 (2023),0
电源结构调整 (2022),电力系统运行 (2023),1
电源结构调整 (2022),电力系统控制 (2023),1
电源结构调整 (2022),绿色低碳 (2023),0
电源结构调整 (2022),电力系统优化 (2023),1
电源结构调整 (2022),稳定性 (2023),0
电源结构调整 (2022),电力系统数字化 (2023),1
电源结构调整 (2022),电力系统智能化 (2023),1
节能降耗 (2022),新型电力系统 (2023),0
节能降耗 (2022),电制氢技术 (2023),0
节能降耗 (2022),碳中和 (2023),0
节能降耗 (2022),氢能 (2023),0
节能降耗 (2022),能源转型 (2023),0
节能降耗 (2022),电力系统规划 (2023),0
节能降耗 (2022),可再生能源 (2023),0
节能降耗 (2022),电力市场 (2023),0
节能降耗 (2022),储能技术 (2023),0
节能降耗 (2022),碳达峰 (2023),0
节能降耗 (2022),氢燃料电池 (2023),0
节能降耗 (2022),电力智能化 (2023),0
节能降耗 (2022),能源互联网 (2023),0
节能降耗 (2022),电力系统运行 (2023),0
节能降耗 (2022),电力系统控制 (2023),0
节能降耗 (2022),绿色低碳 (2023),0
节能降耗 (2022),电力系统优化 (2023),0
节能降耗 (2022),稳定性 (2023),0
节能降耗 (2022),电力系统数字化 (2023),0
节能降耗 (2022),电力系统智能化 (2023),0
热电联产 (2022),新型电力系统 (2023),0
热电联产 (2022),电制氢技术 (2023),0
热电联产 (2022),碳中和 (2023),0
热电联产 (2022),氢能 (2023),0
热电联产 (2022),能源转型 (2023),0
热电联产 (2022),电力系统规划 (2023),0
热电联产 (2022),可再生能源 (2023),0
热电联产 (2022),电力市场 (2023),0
热电联产 (2022),储能技术 (2023),0
热电联产 (2022),碳达峰 (2023),0
热电联产 (2022),氢燃料电池 (2023),0
热电联产 (2022),电力智能化 (2023),0
热电联产 (2022),能源互联网 (2023),0
热电联产 (2022),电力系统运行 (2023),0
热电联产 (2022),电力系统控制 (2023),0
热电联产 (2022),绿色低碳 (2023),0
热电联产 (2022),电力系统优化 (2023),0
热电联产 (2022),稳定性 (2023),0
热电联产 (2022),电力系统数字化 (2023),0
热电联产 (2022),电力系统智能化 (2023),0
新型电力系统 (2022),新型电力系统 (2023),2
新型电力系统 (2022),电制氢技术 (2023),0
新型电力系统 (2022),碳中和 (2023),0
新型电力系统 (2022),氢能 (2023),0
新型电力系统 (2022),能源转型 (2023),0
新型电力系统 (2022),电力系统规划 (2023),1
新型电力系统 (2022),可再生能源 (2023),0
新型电力系统 (2022),电力市场 (2023),1
新型电力系统 (2022),储能技术 (2023),0
新型电力系统 (2022),碳达峰 (2023),0
新型电力系统 (2022),氢燃料电池 (2023),0
新型电力系统 (2022),电力智能化 (2023),1
新型电力系统 (2022),能源互联网 (2023),0
新型电力系统 (2022),电力系统运行 (2023),1
新型电力系统 (2022),电力系统控制 (2023),1
新型电力系统 (2022),绿色低碳 (2023),0
新型电力系统 (2022),电力系统优化 (2023),1
新型电力系统 (2022),稳定性 (2023),0
新型电力系统 (2022),电力系统数字化 (2023),1
新型电力系统 (2022),电力系统智能化 (2023),1
碳捕集利用与封存 (2022),新型电力系统 (2023),0
碳捕集利用与封存 (2022),电制氢技术 (2023),0
碳捕集利用与封存 (2022),碳中和 (2023),1
碳捕集利用与封存 (2022),氢能 (2023),0
碳捕集利用与封存 (2022),能源转型 (2023),0
碳捕集利用与封存 (2022),电力系统规划 (2023),0
碳捕集利用与封存 (2022),可再生能源 (2023),0
碳捕集利用与封存 (2022),电力市场 (2023),0
碳捕集利用与封存 (2022),储能技术 (2023),0
碳捕集利用与封存 (2022),碳达峰 (2023),1
碳捕集利用与封存 (2022),氢燃料电池 (2023),0
碳捕集利用与封存 (2022),电力智能化 (2023),0
碳捕集利用与封存 (2022),能源互联网 (2023),0
碳捕集利用与封存 (2022),电力系统运行 (2023),0
碳捕集利用与封存 (2022),电力系统控制 (2023),0
碳捕集利用与封存 (2022),绿色低碳 (2023),1
碳捕集利用与封存 (2022),电力系统优化 (2023),0
碳捕集利用与封存 (2022),稳定性 (2023),0
碳捕集利用与封存 (2022),电力系统数字化 (2023),0
碳捕集利用与封存 (2022),电力系统智能化 (2023),0
非化石能源 (2022),新型电力系统 (2023),0
非化石能源 (2022),电制氢技术 (2023),0
非化石能源 (2022),碳中和 (2023),0
非化石能源 (2022),氢能 (2023),1
非化石能源 (2022),能源转型 (2023),1
非化石能源 (2022),电力系统规划 (2023),0
非化石能源 (2022),可再生能源 (2023),1
非化石能源 (2022),电力市场 (2023),0
非化石能源 (2022),储能技术 (2023),1
非化石能源 (2022),碳达峰 (2023),0
非化石能源 (2022),氢燃料电池 (2023),1
非化石能源 (2022),电力智能化 (2023),0
非化石能源 (2022),能源互联网 (2023),1
非化石能源 (2022),电力系统运行 (2023),0
非化石能源 (2022),电力系统控制 (2023),0
非化石能源 (2022),绿色低碳 (2023),0
非化石能源 (2022),电力系统优化 (2023),0
非化石能源 (2022),稳定性 (2023),0
非化石能源 (2022),电力系统数字化 (2023),0
非化石能源 (2022),电力系统智能化 (2023),0
电力系统智能化 (2022),新型电力系统 (2023),1
电力系统智能化 (2022),电制氢技术 (2023),0
电力系统智能化 (2022),碳中和 (2023),0
电力系统智能化 (2022),氢能 (2023),0
电力系统智能化 (2022),能源转型 (2023),0
电力系统智能化 (2022),电力系统规划 (2023),1
电力系统智能化 (2022),可再生能源 (2023),0
电力系统智能化 (2022),电力市场 (2023),1
电力系统智能化 (2022),储能技术 (2023),0
电力系统智能化 (2022),碳达峰 (2023),0
电力系统智能化 (2022),氢燃料电池 (2023),0
电力系统智能化 (2022),电力智能化 (2023),1
电力系统智能化 (2022),能源互联网 (2023),0
电力系统智能化 (2022),电力系统运行 (2023),1
电力系统智能化 (2022),电力系统控制 (2023),1
电力系统智能化 (2022),绿色低碳 (2023),0
电力系统智能化 (2022),电力系统优化 (2023),1
电力系统智能化 (2022),稳定性 (2023),0
电力系统智能化 (2022),电力系统数字化 (2023),1
电力系统智能化 (2022),电力系统智能化 (2023),2
电力体制改革 (2022),新型电力系统 (2023),1
电力体制改革 (2022),电制氢技术 (2023),0
电力体制改革 (2022),碳中和 (2023),0
电力体制改革 (2022),氢能 (2023),0
电力体制改革 (2022),能源转型 (2023),0
电力体制改革 (2022),电力系统规划 (2023),1
电力体制改革 (2022),可再生能源 (2023),0
电力体制改革 (2022),电力市场 (2023),1
电力体制改革 (2022),储能技术 (2023),0
电力体制改革 (2022),碳达峰 (2023),0
电力体制改革 (2022),氢燃料电池 (2023),0
电力体制改革 (2022),电力智能化 (2023),1
电力体制改革 (2022),能源互联网 (2023),0
电力体制改革 (2022),电力系统运行 (2023),1
电力体制改革 (2022),电力系统控制 (2023),1
电力体制改革 (2022),绿色低碳 (2023),0
电力体制改革 (2022),电力系统优化 (2023),1
电力体制改革 (2022),稳定性 (2023),0
电力体制改革 (2022),电力系统数字化 (2023),1
电力体制改革 (2022),电力系统智能化 (2023),1
绿色生产生活方式 (2022),新型电力系统 (2023),0
绿色生产生活方式 (2022),电制氢技术 (2023),0
绿色生产生活方式 (2022),碳中和 (2023),0
绿色生产生活方式 (2022),氢能 (2023),0
绿色生产生活方式 (2022),能源转型 (2023),0
绿色生产生活方式 (2022),电力系统规划 (2023),0
绿色生产生活方式 (2022),可再生能源 (2023),1
绿色生产生活方式 (2022),电力市场 (2023),0
绿色生产生活方式 (2022),储能技术 (2023),0
绿色生产生活方式 (2022),碳达峰 (2023),0
绿色生产生活方式 (2022),氢燃料电池 (2023),0
绿色生产生活方式 (2022),电力智能化 (2023),0
绿色生产生活方式 (2022),能源互联网 (2023),0
绿色生产生活方式 (2022),电力系统运行 (2023),0
绿色生产生活方式 (2022),电力系统控制 (2023),0
绿色生产生活方式 (2022),绿色低碳 (2023),1
绿色生产生活方式 (2022),电力系统优化 (2023),0
绿色生产生活方式 (2022),稳定性 (2023),0
绿色生产生活方式 (2022),电力系统数字化 (2023),0
绿色生产生活方式 (2022),电力系统智能化 (2023),0
电力行业碳排放控制路径 (2022),新型电力系统 (2023),1
电力行业碳排放控制路径 (2022),电制氢技术 (2023),0
电力行业碳排放控制路径 (2022),碳中和 (2023),1
电力行业碳排放控制路径 (2022),氢能 (2023),0
电力行业碳排放控制路径 (2022),能源转型 (2023),0
电力行业碳排放控制路径 (2022),电力系统规划 (2023),1
电力行业碳排放控制路径 (2022),可再生能源 (2023),0
电力行业碳排放控制路径 (2022),电力市场 (2023),1
电力行业碳排放控制路径 (2022),储能技术 (2023),0
电力行业碳排放控制路径 (2022),碳达峰 (2023),1
电力行业碳排放控制路径 (2022),氢燃料电池 (2023),0
电力行业碳排放控制路径 (2022),电力智能化 (2023),1
电力行业碳排放控制路径 (2022),能源互联网 (2023),0
电力行业碳排放控制路径 (2022),电力系统运行 (2023),1
电力行业碳排放控制路径 (2022),电力系统控制 (2023),1
电力行业碳排放控制路径 (2022),绿色低碳 (2023),1
电力行业碳排放控制路径 (2022),电力系统优化 (2023),1
电力行业碳排放控制路径 (2022),稳定性 (2023),0
电力行业碳排放控制路径 (2022),电力系统数字化 (2023),1
电力行业碳排放控制路径 (2022),电力系统智能化 (2023),1
能源互联网 (2022),新型电力系统 (2023),0
能源互联网 (2022),电制氢技术 (2023),0
能源互联网 (2022),碳中和 (2023),0
能源互联网 (2022),氢能 (2023),1
能源互联网 (2022),能源转型 (2023),1
能源互联网 (2022),电力系统规划 (2023),0
能源互联网 (2022),可再生能源 (2023),1
能源互联网 (2022),电力市场 (2023),0
能源互联网 (2022),储能技术 (2023),1
能源互联网 (2022),碳达峰 (2023),0
能源互联网 (2022),氢燃料电池 (2023),1
能源互联网 (2022),电力智能化 (2023),0
能源互联网 (2022),能源互联网 (2023),2
能源互联网 (2022),电力系统运行 (2023),0
能源互联网 (2022),电力系统控制 (2023),0
能源互联网 (2022),绿色低碳 (2023),0
能源互联网 (2022),电力系统优化 (2023),0
能源互联网 (2022),稳定性 (2023),0
能源互联网 (2022),电力系统数字化 (2023),0
能源互联网 (2022),电力系统智能化 (2023),0
新型电力系统 (2023),碳中和 (2024),0
新型电力系统 (2023),绿色氢能 (2024),0
新型电力系统 (2023),电力系统 (2024),1
新型电力系统 (2023),储能技术 (2024),0
新型电力系统 (2023),可再生能源 (2024),0
新型电力系统 (2023),碳排放 (2024),0
新型电力系统 (2023),低碳转型 (2024),0
新型电力系统 (2023),氢能技术 (2024),0
新型电力系统 (2023),电解水制氢 (2024),0
新型电力系统 (2023),能源效率 (2024),0
新型电力系统 (2023),碱性电解水 (2024),0
新型电力系统 (2023),质子交换膜 (2024),0
新型电力系统 (2023),碳捕集 (2024),0
新型电力系统 (2023),碳交易 (2024),0
新型电力系统 (2023),绿色电力 (2024),1
新型电力系统 (2023),环境权益 (2024),0
新型电力系统 (2023),微电网 (2024),1
新型电力系统 (2023),供应链管理 (2024),0
新型电力系统 (2023),数字技术 (2024),0
新型电力系统 (2023),能源互联网 (2024),0
电制氢技术 (2023),碳中和 (2024),0
电制氢技术 (2023),绿色氢能 (2024),0
电制氢技术 (2023),电力系统 (2024),0
电制氢技术 (2023),储能技术 (2024),0
电制氢技术 (2023),可再生能源 (2024),0
电制氢技术 (2023),碳排放 (2024),0
电制氢技术 (2023),低碳转型 (2024),0
电制氢技术 (2023),氢能技术 (2024),0
电制氢技术 (2023),电解水制氢 (2024),0
电制氢技术 (2023),能源效率 (2024),0
电制氢技术 (2023),碱性电解水 (2024),0
电制氢技术 (2023),质子交换膜 (2024),0
电制氢技术 (2023),碳捕集 (2024),0
电制氢技术 (2023),碳交易 (2024),0
电制氢技术 (2023),绿色电力 (2024),0
电制氢技术 (2023),环境权益 (2024),0
电制氢技术 (2023),微电网 (2024),0
电制氢技术 (2023),供应链管理 (2024),0
电制氢技术 (2023),数字技术 (2024),0
电制氢技术 (2023),能源互联网 (2024),0
碳中和 (2023),碳中和 (2024),2
碳中和 (2023),绿色氢能 (2024),0
碳中和 (2023),电力系统 (2024),0
碳中和 (2023),储能技术 (2024),0
碳中和 (2023),可再生能源 (2024),0
碳中和 (2023),碳排放 (2024),1
碳中和 (2023),低碳转型 (2024),1
碳中和 (2023),氢能技术 (2024),0
碳中和 (2023),电解水制氢 (2024),0
碳中和 (2023),能源效率 (2024),0
碳中和 (2023),碱性电解水 (2024),0
碳中和 (2023),质子交换膜 (2024),0
碳中和 (2023),碳捕集 (2024),1
碳中和 (2023),碳交易 (2024),1
碳中和 (2023),绿色电力 (2024),0
碳中和 (2023),环境权益 (2024),0
碳中和 (2023),微电网 (2024),0
碳中和 (2023),供应链管理 (2024),0
碳中和 (2023),数字技术 (2024),0
碳中和 (2023),能源互联网 (2024),0
氢能 (2023),碳中和 (2024),0
氢能 (2023),绿色氢能 (2024),1
氢能 (2023),电力系统 (2024),0
氢能 (2023),储能技术 (2024),1
氢能 (2023),可再生能源 (2024),1
氢能 (2023),碳排放 (2024),0
氢能 (2023),低碳转型 (2024),0
氢能 (2023),氢能技术 (2024),1
氢能 (2023),电解水制氢 (2024),1
氢能 (2023),能源效率 (2024),1
氢能 (2023),碱性电解水 (2024),1
氢能 (2023),质子交换膜 (2024),0
氢能 (2023),碳捕集 (2024),0
氢能 (2023),碳交易 (2024),0
氢能 (2023),绿色电力 (2024),0
氢能 (2023),环境权益 (2024),0
氢能 (2023),微电网 (2024),0
氢能 (2023),供应链管理 (2024),0
氢能 (2023),数字技术 (2024),0
氢能 (2023),能源互联网 (2024),1
能源转型 (2023),碳中和 (2024),0
能源转型 (2023),绿色氢能 (2024),1
能源转型 (2023),电力系统 (2024),0
能源转型 (2023),储能技术 (2024),1
能源转型 (2023),可再生能源 (2024),1
能源转型 (2023),碳排放 (2024),0
能源转型 (2023),低碳转型 (2024),0
能源转型 (2023),氢能技术 (2024),1
能源转型 (2023),电解水制氢 (2024),1
能源转型 (2023),能源效率 (2024),1
能源转型 (2023),碱性电解水 (2024),1
能源转型 (2023),质子交换膜 (2024),0
能源转型 (2023),碳捕集 (2024),0
能源转型 (2023),碳交易 (2024),0
能源转型 (2023),绿色电力 (2024),0
能源转型 (2023),环境权益 (2024),0
能源转型 (2023),微电网 (2024),0
能源转型 (2023),供应链管理 (2024),0
能源转型 (2023),数字技术 (2024),0
能源转型 (2023),能源互联网 (2024),1
电力系统规划 (2023),碳中和 (2024),0
电力系统规划 (2023),绿色氢能 (2024),0
电力系统规划 (2023),电力系统 (2024),1
电力系统规划 (2023),储能技术 (2024),0
电力系统规划 (2023),可再生能源 (2024),0
电力系统规划 (2023),碳排放 (2024),0
电力系统规划 (2023),低碳转型 (2024),0
电力系统规划 (2023),氢能技术 (2024),0
电力系统规划 (2023),电解水制氢 (2024),0
电力系统规划 (2023),能源效率 (2024),0
电力系统规划 (2023),碱性电解水 (2024),0
电力系统规划 (2023),质子交换膜 (2024),0
电力系统规划 (2023),碳捕集 (2024),0
电力系统规划 (2023),碳交易 (2024),0
电力系统规划 (2023),绿色电力 (2024),1
电力系统规划 (2023),环境权益 (2024),0
电力系统规划 (2023),微电网 (2024),1
电力系统规划 (2023),供应链管理 (2024),0
电力系统规划 (2023),数字技术 (2024),0
电力系统规划 (2023),能源互联网 (2024),0
可再生能源 (2023),碳中和 (2024),0
可再生能源 (2023),绿色氢能 (2024),1
可再生能源 (2023),电力系统 (2024),0
可再生能源 (2023),储能技术 (2024),1
可再生能源 (2023),可再生能源 (2024),2
可再生能源 (2023),碳排放 (2024),0
可再生能源 (2023),低碳转型 (2024),1
可再生能源 (2023),氢能技术 (2024),1
可再生能源 (2023),电解水制氢 (2024),1
可再生能源 (2023),能源效率 (2024),1
可再生能源 (2023),碱性电解水 (2024),1
可再生能源 (2023),质子交换膜 (2024),0
可再生能源 (2023),碳捕集 (2024),0
可再生能源 (2023),碳交易 (2024),0
可再生能源 (2023),绿色电力 (2024),1
可再生能源 (2023),环境权益 (2024),0
可再生能源 (2023),微电网 (2024),0
可再生能源 (2023),供应链管理 (2024),0
可再生能源 (2023),数字技术 (2024),0
可再生能源 (2023),能源互联网 (2024),1
电力市场 (2023),碳中和 (2024),0
电力市场 (2023),绿色氢能 (2024),0
电力市场 (2023),电力系统 (2024),1
电力市场 (2023),储能技术 (2024),0
电力市场 (2023),可再生能源 (2024),0
电力市场 (2023),碳排放 (2024),0
电力市场 (2023),低碳转型 (2024),0
电力市场 (2023),氢能技术 (2024),0
电力市场 (2023),电解水制氢 (2024),0
电力市场 (2023),能源效率 (2024),0
电力市场 (2023),碱性电解水 (2024),0
电力市场 (2023),质子交换膜 (2024),0
电力市场 (2023),碳捕集 (2024),0
电力市场 (2023),碳交易 (2024),0
电力市场 (2023),绿色电力 (2024),1
电力市场 (2023),环境权益 (2024),0
电力市场 (2023),微电网 (2024),1
电力市场 (2023),供应链管理 (2024),0
电力市场 (2023),数字技术 (2024),0
电力市场 (2023),能源互联网 (2024),0
储能技术 (2023),碳中和 (2024),0
储能技术 (2023),绿色氢能 (2024),1
储能技术 (2023),电力系统 (2024),0
储能技术 (2023),储能技术 (2024),2
储能技术 (2023),可再生能源 (2024),1
储能技术 (2023),碳排放 (2024),0
储能技术 (2023),低碳转型 (2024),0
储能技术 (2023),氢能技术 (2024),1
储能技术 (2023),电解水制氢 (2024),1
储能技术 (2023),能源效率 (2024),1
储能技术 (2023),碱性电解水 (2024),1
储能技术 (2023),质子交换膜 (2024),0
储能技术 (2023),碳捕集 (2024),0
储能技术 (2023),碳交易 (2024),0
储能技术 (2023),绿色电力 (2024),0
储能技术 (2023),环境权益 (2024),0
储能技术 (2023),微电网 (2024),0
储能技术 (2023),供应链管理 (2024),0
储能技术 (2023),数字技术 (2024),0
储能技术 (2023),能源互联网 (2024),1
碳达峰 (2023),碳中和 (2024),1
碳达峰 (2023),绿色氢能 (2024),0
碳达峰 (2023),电力系统 (2024),0
碳达峰 (2023),储能技术 (2024),0
碳达峰 (2023),可再生能源 (2024),0
碳达峰 (2023),碳排放 (2024),1
碳达峰 (2023),低碳转型 (2024),1
碳达峰 (2023),氢能技术 (2024),0
碳达峰 (2023),电解水制氢 (2024),0
碳达峰 (2023),能源效率 (2024),0
碳达峰 (2023),碱性电解水 (2024),0
碳达峰 (2023),质子交换膜 (2024),0
碳达峰 (2023),碳捕集 (2024),1
碳达峰 (2023),碳交易 (2024),1
碳达峰 (2023),绿色电力 (2024),0
碳达峰 (2023),环境权益 (2024),0
碳达峰 (2023),微电网 (2024),0
碳达峰 (2023),供应链管理 (2024),0
碳达峰 (2023),数字技术 (2024),0
碳达峰 (2023),能源互联网 (2024),0
氢燃料电池 (2023),碳中和 (2024),0
氢燃料电池 (2023),绿色氢能 (2024),1
氢燃料电池 (2023),电力系统 (2024),0
氢燃料电池 (2023),储能技术 (2024),1
氢燃料电池 (2023),可再生能源 (2024),1
氢燃料电池 (2023),碳排放 (2024),0
氢燃料电池 (2023),低碳转型 (2024),0
氢燃料电池 (2023),氢能技术 (2024),1
氢燃料电池 (2023),电解水制氢 (2024),1
氢燃料电池 (2023),能源效率 (2024),1
氢燃料电池 (2023),碱性电解水 (2024),1
氢燃料电池 (2023),质子交换膜 (2024),0
氢燃料电池 (2023),碳捕集 (2024),0
氢燃料电池 (2023),碳交易 (2024),0
氢燃料电池 (2023),绿色电力 (2024),0
氢燃料电池 (2023),环境权益 (2024),0
氢燃料电池 (2023),微电网 (2024),0
氢燃料电池 (2023),供应链管理 (2024),0
氢燃料电池 (2023),数字技术 (2024),0
氢燃料电池 (2023),能源互联网 (2024),1
电力智能化 (2023),碳中和 (2024),0
电力智能化 (2023),绿色氢能 (2024),0
电力智能化 (2023),电力系统 (2024),1
电力智能化 (2023),储能技术 (2024),0
电力智能化 (2023),可再生能源 (2024),0
电力智能化 (2023),碳排放 (2024),0
电力智能化 (2023),低碳转型 (2024),0
电力智能化 (2023),氢能技术 (2024),0
电力智能化 (2023),电解水制氢 (2024),0
电力智能化 (2023),能源效率 (2024),0
电力智能化 (2023),碱性电解水 (2024),0
电力智能化 (2023),质子交换膜 (2024),0
电力智能化 (2023),碳捕集 (2024),0
电力智能化 (2023),碳交易 (2024),0
电力智能化 (2023),绿色电力 (2024),1
电力智能化 (2023),环境权益 (2024),0
电力智能化 (2023),微电网 (2024),1
电力智能化 (2023),供应链管理 (2024),0
电力智能化 (2023),数字技术 (2024),0
电力智能化 (2023),能源互联网 (2024),0
能源互联网 (2023),碳中和 (2024),0
能源互联网 (2023),绿色氢能 (2024),1
能源互联网 (2023),电力系统 (2024),0
能源互联网 (2023),储能技术 (2024),1
能源互联网 (2023),可再生能源 (2024),1
能源互联网 (2023),碳排放 (2024),0
能源互联网 (2023),低碳转型 (2024),0
能源互联网 (2023),氢能技术 (2024),1
能源互联网 (2023),电解水制氢 (2024),1
能源互联网 (2023),能源效率 (2024),1
能源互联网 (2023),碱性电解水 (2024),1
能源互联网 (2023),质子交换膜 (2024),0
能源互联网 (2023),碳捕集 (2024),0
能源互联网 (2023),碳交易 (2024),0
能源互联网 (2023),绿色电力 (2024),0
能源互联网 (2023),环境权益 (2024),0
能源互联网 (2023),微电网 (2024),0
能源互联网 (2023),供应链管理 (2024),0
能源互联网 (2023),数字技术 (2024),0
能源互联网 (2023),能源互联网 (2024),2
电力系统运行 (2023),碳中和 (2024),0
电力系统运行 (2023),绿色氢能 (2024),0
电力系统运行 (2023),电力系统 (2024),1
电力系统运行 (2023),储能技术 (2024),0
电力系统运行 (2023),可再生能源 (2024),0
电力系统运行 (2023),碳排放 (2024),0
电力系统运行 (2023),低碳转型 (2024),0
电力系统运行 (2023),氢能技术 (2024),0
电力系统运行 (2023),电解水制氢 (2024),0
电力系统运行 (2023),能源效率 (2024),0
电力系统运行 (2023),碱性电解水 (2024),0
电力系统运行 (2023),质子交换膜 (2024),0
电力系统运行 (2023),碳捕集 (2024),0
电力系统运行 (2023),碳交易 (2024),0
电力系统运行 (2023),绿色电力 (2024),1
电力系统运行 (2023),环境权益 (2024),0
电力系统运行 (2023),微电网 (2024),1
电力系统运行 (2023),供应链管理 (2024),0
电力系统运行 (2023),数字技术 (2024),0
电力系统运行 (2023),能源互联网 (2024),0
电力系统控制 (2023),碳中和 (2024),0
电力系统控制 (2023),绿色氢能 (2024),0
电力系统控制 (2023),电力系统 (2024),1
电力系统控制 (2023),储能技术 (2024),0
电力系统控制 (2023),可再生能源 (2024),0
电力系统控制 (2023),碳排放 (2024),0
电力系统控制 (2023),低碳转型 (2024),0
电力系统控制 (2023),氢能技术 (2024),0
电力系统控制 (2023),电解水制氢 (2024),0
电力系统控制 (2023),能源效率 (2024),0
电力系统控制 (2023),碱性电解水 (2024),0
电力系统控制 (2023),质子交换膜 (2024),0
电力系统控制 (2023),碳捕集 (2024),0
电力系统控制 (2023),碳交易 (2024),0
电力系统控制 (2023),绿色电力 (2024),1
电力系统控制 (2023),环境权益 (2024),0
电力系统控制 (2023),微电网 (2024),1
电力系统控制 (2023),供应链管理 (2024),0
电力系统控制 (2023),数字技术 (2024),0
电力系统控制 (2023),能源互联网 (2024),0
绿色低碳 (2023),碳中和 (2024),1
绿色低碳 (2023),绿色氢能 (2024),1
绿色低碳 (2023),电力系统 (2024),0
绿色低碳 (2023),储能技术 (2024),0
绿色低碳 (2023),可再生能源 (2024),1
绿色低碳 (2023),碳排放 (2024),1
绿色低碳 (2023),低碳转型 (2024),1
绿色低碳 (2023),氢能技术 (2024),0
绿色低碳 (2023),电解水制氢 (2024),0
绿色低碳 (2023),能源效率 (2024),0
绿色低碳 (2023),碱性电解水 (2024),0
绿色低碳 (2023),质子交换膜 (2024),0
绿色低碳 (2023),碳捕集 (2024),1
绿色低碳 (2023),碳交易 (2024),1
绿色低碳 (2023),绿色电力 (2024),1
绿色低碳 (2023),环境权益 (2024),0
绿色低碳 (2023),微电网 (2024),0
绿色低碳 (2023),供应链管理 (2024),0
绿色低碳 (2023),数字技术 (2024),0
绿色低碳 (2023),能源互联网 (2024),0
电力系统优化 (2023),碳中和 (2024),0
电力系统优化 (2023),绿色氢能 (2024),0
电力系统优化 (2023),电力系统 (2024),1
电力系统优化 (2023),储能技术 (2024),0
电力系统优化 (2023),可再生能源 (2024),0
电力系统优化 (2023),碳排放 (2024),0
电力系统优化 (2023),低碳转型 (2024),0
电力系统优化 (2023),氢能技术 (2024),0
电力系统优化 (2023),电解水制氢 (2024),0
电力系统优化 (2023),能源效率 (2024),0
电力系统优化 (2023),碱性电解水 (2024),0
电力系统优化 (2023),质子交换膜 (2024),0
电力系统优化 (2023),碳捕集 (2024),0
电力系统优化 (2023),碳交易 (2024),0
电力系统优化 (2023),绿色电力 (2024),1
电力系统优化 (2023),环境权益 (2024),0
电力系统优化 (2023),微电网 (2024),1
电力系统优化 (2023),供应链管理 (2024),0
电力系统优化 (2023),数字技术 (2024),0
电力系统优化 (2023),能源互联网 (2024),0
稳定性 (2023),碳中和 (2024),0
稳定性 (2023),绿色氢能 (2024),0
稳定性 (2023),电力系统 (2024),0
稳定性 (2023),储能技术 (2024),0
稳定性 (2023),可再生能源 (2024),0
稳定性 (2023),碳排放 (2024),0
稳定性 (2023),低碳转型 (2024),0
稳定性 (2023),氢能技术 (2024),0
稳定性 (2023),电解水制氢 (2024),0
稳定性 (2023),能源效率 (2024),0
稳定性 (2023),碱性电解水 (2024),0
稳定性 (2023),质子交换膜 (2024),0
稳定性 (2023),碳捕集 (2024),0
稳定性 (2023),碳交易 (2024),0
稳定性 (2023),绿色电力 (2024),0
稳定性 (2023),环境权益 (2024),0
稳定性 (2023),微电网 (2024),0
稳定性 (2023),供应链管理 (2024),0
稳定性 (2023),数字技术 (2024),0
稳定性 (2023),能源互联网 (2024),0
电力系统数字化 (2023),碳中和 (2024),0
电力系统数字化 (2023),绿色氢能 (2024),0
电力系统数字化 (2023),电力系统 (2024),1
电力系统数字化 (2023),储能技术 (2024),0
电力系统数字化 (2023),可再生能源 (2024),0
电力系统数字化 (2023),碳排放 (2024),0
电力系统数字化 (2023),低碳转型 (2024),0
电力系统数字化 (2023),氢能技术 (2024),0
电力系统数字化 (2023),电解水制氢 (2024),0
电力系统数字化 (2023),能源效率 (2024),0
电力系统数字化 (2023),碱性电解水 (2024),0
电力系统数字化 (2023),质子交换膜 (2024),0
电力系统数字化 (2023),碳捕集 (2024),0
电力系统数字化 (2023),碳交易 (2024),0
电力系统数字化 (2023),绿色电力 (2024),1
电力系统数字化 (2023),环境权益 (2024),0
电力系统数字化 (2023),微电网 (2024),1
电力系统数字化 (2023),供应链管理 (2024),0
电力系统数字化 (2023),数字技术 (2024),0
电力系统数字化 (2023),能源互联网 (2024),0
电力系统智能化 (2023),碳中和 (2024),0
电力系统智能化 (2023),绿色氢能 (2024),0
电力系统智能化 (2023),电力系统 (2024),1
电力系统智能化 (2023),储能技术 (2024),0
电力系统智能化 (2023),可再生能源 (2024),0
电力系统智能化 (2023),碳排放 (2024),0
电力系统智能化 (2023),低碳转型 (2024),0
电力系统智能化 (2023),氢能技术 (2024),0
电力系统智能化 (2023),电解水制氢 (2024),0
电力系统智能化 (2023),能源效率 (2024),0
电力系统智能化 (2023),碱性电解水 (2024),0
电力系统智能化 (2023),质子交换膜 (2024),0
电力系统智能化 (2023),碳捕集 (2024),0
电力系统智能化 (2023),碳交易 (2024),0
电力系统智能化 (2023),绿色电力 (2024),1
电力系统智能化 (2023),环境权益 (2024),0
电力系统智能化 (2023),微电网 (2024),1
电力系统智能化 (2023),供应链管理 (2024),0
电力系统智能化 (2023),数字技术 (2024),0
电力系统智能化 (2023),能源互联网 (2024),0
